SKU,Grade,Category,Brand,Title,Size,Colour,Price (£),Image URL,Status Available / Sold,Date Added
TT00001,A,,Puma,Hoodie,Xs,Black,£4.00,/products/TT00001/1.jpg,A,17/03/2026
TT00002,B,,Champion,Eagles Shorts,L,Black,£4.00,/products/TT00002/1.jpg,A,17/03/2026
TT00003,A,,Adidas,Shell Bottoms,L,Black,£8.00,/products/TT00003/1.jpg,S,17/03/2026
TT00004,A,,Nautica,Swim Shorts,S,Navy,£8.00,/products/TT00004/1.jpg,A,18/03/2026
TT00005,A,,Superdry,Oxford Shirt,L,Navy,£12.00,/products/TT00005/1.jpg,S,18/03/2026
TT00006,A,,Puma,Sweat Pants,M,Black,£7.00,/products/TT00006/1.jpg,A,18/03/2026
TT00007,A,,Adidas ,Shorts,S,Black,£4.00,/products/TT00007/1.jpg,A,18/03/2026
TT00008,A,,Nike,Hoodie,M,Grey,£8.00,/products/TT00008/1.jpg,A,18/03/2026
TT00009,A,,Lotto,Sweat Shirt,L,Navy,£10.00,/products/TT00009/1.jpg,A,18/03/2026
TT00010,A,,Under Armour,1/4 Zip Base Layer,S,Salmon,£9.00,/products/TT00010/1.jpg,A,18/03/2026
TT00011,A,,Penguin,S/S Shirt,XL ,Checkrd,£7.50,/products/TT00011/1.jpg,A,18/03/2026
TT00012,A,,Umbro,Swim Shorts,M,Navy,£4.00,/products/TT00012/1.jpg,A,18/03/2026
TT00013,A,,Under Armour,Shorts,M,Navy,£6.00,/products/TT00013/1.jpg,A,18/03/2026
TT00014,A,,Polo Ralph L,Swim Shorts,M,Multi,£10.00,/products/TT00014/1.jpg,A,18/03/2026
TT00015,A,,Under Armour,Shorts,M,Black,£6.00,/products/TT00015/1.jpg,A,18/03/2026
TT00016,A,,Under Armour,Shorts,S,Black,£6.00,/products/TT00016/1.jpg,A,18/03/2026
TT00017,A,,Nike,Shorts,M,Red,£7.00,/products/TT00017/1.jpg,A,18/03/2026
TT00018,A,,Champion,Shorts,L,Black,£5.00,/products/TT00018/1.jpg,A,18/03/2026
TT00019,B,,Champion,Shorts (Ladies),M,Black,£4.00,/products/TT00019/1.jpg,A,18/03/2026
TT00020,B,,Under Armour,Shorts,Y/L,Black,£5.00,/products/TT00020/1.jpg,A,18/03/2026
TT00021,A,,Under Armour,Shorts,M,Grey/Grn,£6.00,/products/TT00021/1.jpg,A,18/03/2026
TT00022,C,,Puma,Shorts,L,Grn,£3.00,/products/TT00022/1.jpg,A,18/03/2026
TT00023,B,,Nike,Shorts,XL ,Blue,£7.00,/products/TT00023/1.jpg,A,18/03/2026
TT00024,B,,Reebok,Shorts,L,Black,£6.00,/products/TT00024/1.jpg,A,18/03/2026
TT00025,A,,Ellesse,Dress Sweatshirt,8,Red,£10.00,/products/TT00025/1.jpg,S,18/03/2026
TT00026,A,,North Face,T-Shirt,XS,Black,£8.00,/products/TT00026/1.jpg,A,18/03/2026
TT00027,B,,Reebok,Sweatshirt,S,Grey,£7.00,/products/TT00027/1.jpg,A,18/03/2026
TT00028,A,,Nautica,Jumper,M,Navy,£10.00,/products/TT00028/1.jpg,A,18/03/2026
TT00029,A,,Pierre Cardin,Polo,S,Grn,£5.00,/products/TT00029/1.jpg,A,18/03/2026
TT00030,A,,Champion,Jumper,S,Grey,£7.00,/products/TT00030/1.jpg,A,18/03/2026
TT00031,A,,Nike,T-Shirt,M,Black,£5.00,/products/TT00031/1.jpg,A,18/03/2026
TT00032,A,,Adidas,T-Shirt,S,Red,£6.00,/products/TT00032/1.jpg,A,18/03/2026
TT00033,A,,French Conn,Polo,S,Black,£10.00,/products/TT00033/1.jpg,A,18/03/2026
TT00034,A,,Puma,Track Top,S,Grey/Blu,£8.00,/products/TT00034/1.jpg,A,18/03/2026
TT00035,B,,Champion,Jumper,M,Blue,£7.00,/products/TT00035/1.jpg,A,18/03/2026
TT00036,A,,Adidas,T-Shirt,S,Blue,£5.00,/products/TT00036/1.jpg,A,18/03/2026
TT00037,B,,Umbro,Sports Shirt,L,Nvy/Lime,£4.00,/products/TT00037/1.jpg,A,18/03/2026
TT00038,A,,Nike NFL,Packers Hoodie,3XL,Green,£35.00,/products/TT00038/1.jpg,S,18/03/2026
TT00039,A,,Ted Baker,L/S Shirt,15.5,Stripes,£15.00,/products/TT00039/1.jpg,S,18/03/2026
TT00040,A,,Ted Baker,L/S Shirt,16,Red,£15.00,/products/TT00040/1.jpg,A,18/03/2026
TT00041,A,,Ted Baker,L/S Shirt,5,Flower,£15.00,/products/TT00041/1.jpg,A,18/03/2026
TT00042,A,,Ted Baker,L/S Shirt,15,Blue,£15.00,/products/TT00042/1.jpg,A,18/03/2026
TT00043,A,,Ted Baker,L/S Shirt,15,Pink,£15.00,/products/TT00043/1.jpg,A,18/03/2026
TT00044,A,,Ted Baker,L/S Shirt,3,Red,£15.00,/products/TT00044/1.jpg,A,18/03/2026
TT00045,A,,Ted Baker,L/S Shirt,5,Blue Stripe,£15.00,/products/TT00045/1.jpg,A,18/03/2026
TT00046,A,,Ted Baker,L/S Shirt,4,Diamonds,£15.00,/products/TT00046/1.jpg,A,18/03/2026
TT00047,A,,Ted Baker,S/S Shirt,4,Green,£15.00,/products/TT00047/1.jpg,A,18/03/2026
TT00048,A,,Reiss,L/S Shirt,XS,Blue,£10.00,/products/TT00048/1.jpg,A,18/03/2026
TT00049,A,,Urban Outfit,L/S Shirt,XS,Checkrd,£8.00,/products/TT00049/1.jpg,A,18/03/2026
TT00050,B,,Wrangler,Jeans with pocket,32w29L,Blue,£14.00,/products/TT00050/1.jpg,A,18/03/2026
TT00051,C,,Wrangler,Work Jeans Dirty,33w32L,Blue,£10.00,/products/TT00051/1.jpg,A,18/03/2026
TT00052,A,,Wrangler,Stretch Jeans,40w30L,Blue,£14.00,/products/TT00052/1.jpg,A,18/03/2026
TT00053,B,803 Style,Wrangler,Denim Jeans,36w30L,Blue,£14.00,/products/TT00053/1.jpg,A,18/03/2026
TT00054,A,,Wrangler,Denim Jeans,33w32L,Blue,£14.00,/products/TT00054/1.jpg,A,18/03/2026
TT00055,B,Vintage,Wrangler,Denim Jeans,33w29L,Blue,£16.00,/products/TT00055/1.jpg,S,18/03/2026
TT00056,B,,Dickies,Faded Chino,32w27L,Black,£8.00,/products/TT00056/1.jpg,A,18/03/2026
TT00057,A,,Hunt Club,Vintage Lthr Bomb,48L,Brown,£45.00,/products/TT00057/1.jpg,S,18/03/2026
TT00058,C,,Bachrach,Vintage Lthr Jacket,XL ,Brown,£35.00,/products/TT00058/1.jpg,A,18/03/2026
TT00059,A,,Tommy Jeans,Parker Bomber,S,Black,£30.00,/products/TT00059/1.jpg,A,18/03/2026
TT00060,A,,Lambretta,Parka ,4XL,Navy,£30.00,/products/TT00060/1.jpg,A,18/03/2026
TT00061,A,,Zantos,Denim Jacket,2XL,Blue,£20.00,/products/TT00061/1.jpg,A,18/03/2026
TT00062,A,,Deluth,Vintage Workwear,3XL,Red,£30.00,/products/TT00062/1.jpg,A,18/03/2026
TT00063,B,,Barbour,Quilted Jacket,L,Black,£40.00,/products/TT00063/1.jpg,A,18/03/2026
TT00064,A,,US Polo Assn,Padded Bomber,XL ,DarkNavy,£25.00,/products/TT00064/1.jpg,A,18/03/2026
TT00065,A,WindCheater,Superdry,Jacket,L,Black,£35.00,/products/TT00065/1.jpg,A,18/03/2026
TT00066,B,Windbomber,Superdry,Jacket,M,Blue,£35.00,/products/TT00066/1.jpg,A,18/03/2026
TT00067,A,,Craghopper,Aquadry Jacket,L,Black,£30.00,/products/TT00067/1.jpg,A,18/03/2026
TT00068,A,Duffer by,St George,Workwear,L,Grey,£25.00,/products/TT00068/1.jpg,S,18/03/2026
TT00069,A,,US Polo Assn,Wind Breaker,XL ,Navy,£25.00,/products/TT00069/1.jpg,A,18/03/2026
TT00070,B,,H&M,1/4 Zip Winbreaker,XL ,Green,£10.00,/products/TT00070/1.jpg,A,18/03/2026
TT00071,A,,Old Navy,Vintage Workwear,3XL,Sand,£35.00,/products/TT00071/1.jpg,A,18/03/2026
TT00072,A,Full Zip ,Umbro,Track Suit Top ful zip,M,Black,£5.00,/products/TT00072/1.jpg,A,05/04/2026
TT00073,A,Wind Breaker,Puma,Wind Breaker Hooded,3xl,Blue,£10.00,/products/TT00073/1.jpg,A,05/04/2026
TT00074,A,Long Hoodie,Nike,3D swoosh Hoodie,L,Green,£9.00,/products/TT00074/1.jpg,A,05/04/2026
TT00075,A,Hoodie,Nike,Hoodie,M,Navy,£9.00,/products/TT00075/1.jpg,A,05/04/2026
TT00076,A,Hoodie,The North Face,Hoodie,W/S,Camo,£12.00,/products/TT00076/1.jpg,A,05/04/2026
TT00077,B+,Hoodie,The North Face,Hoodie,L,Grey,£15.00,/products/TT00077/1.jpg,A,05/04/2026
TT00078,B+,Hoodie,The North Face,Hoodie,W/XXl,Black,£12.00,/products/TT00078/1.jpg,A,05/04/2026
TT00079,C,Mid Layer,The North Face,Full Zip Hoodie,B/L,Black,£7.00,/products/TT00079/1.jpg,A,05/04/2026
TT00080,A,Hoodie,The North Face,Hoodie Plain,W/M,Grey,£12.00,/products/TT00080/1.jpg,A,05/04/2026
TT00081,B,Hoodie,Playboy,MissGuided Hoodie,W/12,Green,£10.00,/products/TT00081/1.jpg,A,05/04/2026
TT00082,A,Jumper,SuperDry NY,Loose Neck Jumper,XL,Grey,£15.00,/products/TT00082/1.jpg,A,05/04/2026
TT00083,A,Hoodie,Adidas,Signature Collection,B/12,Black,£7.50,/products/TT00083/1.jpg,A,05/04/2026
TT00084,C,Varisty Hoodie,Nike,Liberty Flames Hoodie,L,Red/Grey,£15.00,/products/TT00084/1.jpg,A,05/04/2026
TT00085,A,Kids Hoodie,Nike,1/4 Zip Kids Hoodie,5/6Y,Red,£7.00,/products/TT00085/1.jpg,A,05/04/2026
TT00086,A,Zip Hoodie,Nike,Full Zip Hoodie,W/S,Blue,£12.00,/products/TT00086/1.jpg,A,05/04/2026
TT00087,C,1/4 Zip Hoodie,Nike,1/4 Zip Hoodie,M,White,£10.00,/products/TT00087/1.jpg,A,05/04/2026
TT00088,B,Kids Hoodie,Jack & Jones,Hoodie Plain,12Y,Navy,£5.00,/products/TT00088/1.jpg,A,05/04/2026
TT00089,A,Hoodie,Adidas,Hoodie Plain,W/14,Grey,£12.00,/products/TT00089/1.jpg,A,05/04/2026
TT00090,C,Hoodie,Adidas,Full Zip Hoodie,M,Grey,£10.00,/products/TT00090/1.jpg,A,05/04/2026
TT00091,A,Hoodie,Champion,Hoodie Plain,M,Grey,£12.00,/products/TT00091/1.jpg,A,05/04/2026
TT00092,A,Varisty Hoodie,Champion,Ohio State Varisity,M,Black,£12.00,/products/TT00092/1.jpg,A,05/04/2026
TT00093,B+,Varisty Hoodie,Champion,Brandon BlackHawks,XXL,Black ,£12.00,/products/TT00093/1.jpg,A,05/04/2026
TT00094,B+,Varisty Hoodie,Merch,Michigan Go Blue,L,Yellow,£10.00,/products/TT00094/1.jpg,A,05/04/2026
TT00095,A,Full Zip Hoodie,Kensington,Full Zip Hoodie,XXL,Grey,£12.00,/products/TT00095/1.jpg,A,05/04/2026
TT00096,B,Full Zip Hoodie,Eddie Bauer,Mid Layer Zip Hoodie,L,Navy,£10.00,/products/TT00096/1.jpg,A,05/04/2026
TT00097,A-,Tracksuit,Inside Life,2 piece tracksuit cuffed,XL,Grey,£17.50,/products/TT00097/1.jpg,A,05/04/2026
TT00098,A,Base Layer,Alphalete,compression 1/4 zip,M,Green,£8.00,/products/TT00098/1.jpg,A,05/04/2026
TT00099,A-,Storm Layer,Nike,Full Zip Hoodie,M,Black,£10.00,/products/TT00099/1.jpg,A,05/04/2026
TT00100,A,Fitted Top Layer,Under Armour,Full Zip Hoodie,SM,Black,£12.00,/products/TT00100/1.jpg,A,05/04/2026
TT00101,B,T-Shirt,White Stuff,Button to T-Shirt,XL,Beige,£8.00,/products/TT00101/1.jpg,A,05/04/2026
TT00102,A,Long Polo,Zara,Long polo Shirt,L,Orange,£6.00,/products/TT00102/1.jpg,A,05/04/2026
TT00103,A,T-Shirt,Stock & Hank,T-Shirt,XL,Grey,£5.00,/products/TT00103/1.jpg,A,05/04/2026
TT00104,A,T-Shirt,Villainwear,T-shirt Descendants,XXL,Black,£8.00,/products/TT00104/1.jpg,A,05/04/2026
TT00105,A,T-Shirt,Bad Boy,Remixx T-Shirt,L,Black,£7.00,/products/TT00105/1.jpg,A,05/04/2026
TT00106,A,T-Shirt,Levi's,Vintage Red Tab,XL,Grey,£17.00,/products/TT00106/1.jpg,A,05/04/2026
TT00107,A,T-Shirt,Levi's,Vintage Red Tab,XL,Navy,£17.00,/products/TT00107/1.jpg,A,05/04/2026
TT00108,B,T-Shirt,Urban Outfitters,Instinct,L,Grey,£7.00,/products/TT00108/1.jpg,A,05/04/2026
TT00109,A,T-Shirt,Downbeat,Tie Dye Pattern,M,Grey,£8.00,/products/TT00109/1.jpg,A,05/04/2026
TT00110,A-,T-Shirt,Star Wars,Angry Birds,XL/b,Black,£5.00,/products/TT00110/1.jpg,A,05/04/2026
TT00111,A-,T-Shirt,Star Wars,Millenium Falcon,XL,Blue,£5.00,/products/TT00111/1.jpg,A,05/04/2026
TT00112,B,T-Shirt,Star Wars,Call the boss,SM,Grey,£4.00,/products/TT00112/1.jpg,A,05/04/2026
TT00113,A,Vest,Mitchell & Ness,Vintage Michael Jordan ,XL,White,£40.00,/products/TT00113/1.jpg,A,05/04/2026
TT00114,A,T-Shirt,WWE,Clash At the Castle 2024,M,Navy,£10.00,/products/TT00114/1.jpg,A,05/04/2026
TT00115,BNWT,T-Shirt,Sportfolio,Rugby World Cup 2023,XL,Navy,£12.00,/products/TT00115/1.jpg,A,05/04/2026
TT00116,B+,Football Shirt,Umbro,Shalke 04 Vintage,XXL,Blue,£30.00,/products/TT00116/1.jpg,A,05/04/2026
TT00117,B+,T-Shirt,Majestic,Charleston Riverdogs,L,Navy,£10.00,/products/TT00117/1.jpg,A,05/04/2026
TT00118,A,T-Shirt,Majestic,Cleveland Indians,XL,Navy,£10.00,/products/TT00118/1.jpg,A,05/04/2026
TT00119,A,T-Shirt,Majestic,Milwaukee Brewers,M,Navy,£10.00,/products/TT00119/1.jpg,A,05/04/2026
TT00120,A,T-Shirt,Majestic,Cleveland Cavaliers,M,Red,£10.00,/products/TT00120/1.jpg,A,05/04/2026
TT00121,A,T-Shirt,Majestic,Minnesota Twins,M,Navy,£10.00,/products/TT00121/1.jpg,A,05/04/2026
TT00122,A,T-Shirt,Adidas,Since 1949 ,L,Peach,£9.00,/products/TT00122/1.jpg,A,05/04/2026
TT00123,B,T-Shirt,Nike,The Tee Shirt,M,Blue,£5.00,/products/TT00123/1.jpg,A,05/04/2026
TT00124,A,Polo,Dunlop,Polo/Golf Shirt,XL,White,£8.00,/products/TT00124/1.jpg,A,05/04/2026
TT00125,A,Polo,Jack Wills,Polo Shirt,M,Cream,£7.00,/products/TT00125/1.jpg,A,05/04/2026
TT00126,B,Polo,Next,Striped Polo Shirt,SM,Pink,£5.00,/products/TT00126/1.jpg,A,05/04/2026
TT00127,A,L/S Polo,M-17,L/S Polo Shirt Plain,XL,Black,£7.00,/products/TT00127/1.jpg,A,05/04/2026
TT00128,B,L/S T-Shirt,Holister,L/S T-Shirt,M,Black,£5.00,/products/TT00128/1.jpg,A,05/04/2026
TT00129,B+,1/4 Zip Jumper,Izod,1/4 Zip L/S Jumper,M,Black,£7.00,/products/TT00129/1.jpg,A,05/04/2026
TT00130,A,Vintage Jumper,Disney,M/Mouse Sweatshirt,M/L,Red,£20.00,/products/TT00130/1.jpg,A,05/04/2026
TT00131,B,Polo,Nike,FCB Barcelona Polo,S,Black,£8.00,/products/TT00131/1.jpg,A,05/04/2026
TT00132,B,Polo,Lacoste,Plain Polo,M,Black,£5.00,/products/TT00132/1.jpg,A,05/04/2026
TT00133,A,Polo,Olympic,Official France Merch,2XL,Navy,£10.00,/products/TT00133/1.jpg,A,05/04/2026
TT00134,B,Polo,Manfinity,Plain Logo Polo,2XL,Grey,£8.00,/products/TT00134/1.jpg,A,05/04/2026
TT00135,A-,Polo,Next,Faded Stripes Polo,XL,Grey,£8.00,/products/TT00135/1.jpg,A,05/04/2026
TT00136,A,Polo,Ping,Golf/Polo Shirt,XL,Pink,£12.00,/products/TT00136/1.jpg,A,05/04/2026
TT00137,A,Vintage Polo,Starter,Florida State Seminoles,XL,Red,£15.00,/products/TT00137/1.jpg,A,05/04/2026
TT00138,B+,Vintage Sweat,Champion,Sweatshirt,S,Grey,£10.00,/products/TT00138/1.jpg,A,05/04/2026
TT00139,A,SweatShirt,Champion,Sweatshirt,XL,Navy,£12.00,/products/TT00139/1.jpg,A,05/04/2026
TT00140,B+,SweatShirt,Billabong,Vintage Sweatshirt,XL,Nvy,£12.00,/products/TT00140/1.jpg,A,05/04/2026
TT00141,B,SweatShirt,Adidas,Vintage Sweatshirt,M,White,£10.00,/products/TT00141/1.jpg,A,05/04/2026
TT00142,B+,SweatShirt,Reebok,Denver Nuggets NBA,10/12Y,Black,£8.00,/products/TT00142/1.jpg,A,05/04/2026
TT00143,B,SweatShirt,Adidas,3 Stripes,L,Grey,£9.00,/products/TT00143/1.jpg,A,05/04/2026
TT00144,A,SweatShirt,Adidas,Small Mid Logo,M/L,Black,£10.00,/products/TT00144/1.jpg,A,05/04/2026
TT00145,B,Pullover,Tommy Hilfiger,Vintage Wool Pullover,L,Navy,£15.00,/products/TT00145/1.jpg,A,05/04/2026
TT00146,B+,Wool Jumper,Surplus,Vintage Army Jumper,L,Green,£15.00,/products/TT00146/1.jpg,A,05/04/2026
TT00147,A-,Wool Jumper,Next,Pullover,M,Grey,£10.00,/products/TT00147/1.jpg,A,05/04/2026
TT00148,A-,Jumper,Next,Elbow Pad Jumper,S,Grey,£9.00,/products/TT00148/1.jpg,A,05/04/2026
TT00149,A,S/S Shirt,Whitefield,Lrg Check Shirt,XL,Cream,£7.00,/products/TT00149/1.jpg,A,05/04/2026
TT00150,A,S/S Shirt,Stone Bay,Lrg Check Shirt,L,Cream,£7.00,/products/TT00150/1.jpg,A,05/04/2026
TT00151,B+,S/S Shirt,Next,Pattern Shirt,L,Multi,£7.00,/products/TT00151/1.jpg,A,05/04/2026
TT00152,A,S/S Shirt,POD,Bowling Shirt,XL,Cream,£10.00,/products/TT00152/1.jpg,A,05/04/2026
TT00153,B,L/S Shirt,Next,Plain Shirt,M,Grey,£8.00,/products/TT00153/1.jpg,A,05/04/2026
TT00154,A,S/S Shirt,Ralph Lauren,Plain Shirt,S,Blue,£14.00,/products/TT00154/1.jpg,A,05/04/2026
TT00155,A,L/S Shirt,Ralph Lauren,Plain Shirt,L,Blue,£16.00,/products/TT00155/1.jpg,A,05/04/2026
TT00156,A,L/S Shirt,Jack & Jones,Check Shirt,M,Green,£12.00,/products/TT00156/1.jpg,A,05/04/2026
TT00157,B,Shorts,Adidas,Liverpool FC Shorts,XL,Green,£6.00,/products/TT00157/1.jpg,A,05/04/2026
TT00158,B,Shorts,Tommy Hilfiger,Linen Shorts,S,Blue,£5.00,/products/TT00158/1.jpg,A,05/04/2026
TT00159,B+,Shorts,Adidas,Climate Shorts,L,Black,£5.00,/products/TT00159/1.jpg,A,05/04/2026
TT00160,A,Trainers,Nike Air Max,Siempre Familia LTD,3.5,Green,£40.00,/products/TT00160/1.jpg,A,05/04/2026
TT00161,A,Track Pants,Nike,Tracksuit Bottoms,M,Blue,£8.00,/products/TT00161/1.jpg,A,05/04/2026
TT00162,A,Track Pants,Best Classic,Shell Pants,XL,Black,£5.00,/products/TT00162/1.jpg,A,05/04/2026
TT00163,A,Denim Skirt,O'Neill,Short Skirt Button up,L,Blue,£10.00,/products/TT00163/1.jpg,A,05/04/2026
TT00164,A,Jeans,Weekday,Black Bootleg,27w32l,Black,£9.00,/products/TT00164/1.jpg,A,05/04/2026
TT00165,A,Sweat Pants,Champion,Long Leg Logo,M,Grey,£10.00,/products/TT00165/1.jpg,A,05/04/2026
TT00166,A,Shell Pants,Adidas,Plain Shell Pants,L,Black,£8.00,/products/TT00166/1.jpg,A,05/04/2026
TT00167,A,Jeans,Levi,511,29w30l,Black,£15.00,/products/TT00167/1.jpg,A,05/04/2026
TT00168,A,Jeans,Shein,Loose Fit Cargo,38w29l,Blue,£10.00,/products/TT00168/1.jpg,A,05/04/2026
TT00169,B,Jeans,Levi,511 MISSING BUTTON,30w30l,Dark Blue,£10.00,/products/TT00169/1.jpg,A,05/04/2026
TT00170,A,Jeans,Levi,514,34w30l,Blue,£15.00,/products/TT00170/1.jpg,A,05/04/2026
TT00171,A,Jeans,Beloved,Skinny UK14,38w26l,Blue,£8.00,/products/TT00171/1.jpg,A,05/04/2026
TT00172,A,Jeans,Papaya,Elastic Waist,UK12,Grey,£8.00,/products/TT00172/1.jpg,A,05/04/2026
TT00173,A,Chinos,Next,Stretch Slim Chinos,36L,Sand,£10.00,/products/TT00173/1.jpg,A,05/04/2026
TT00174,A,Chinos,Clifford James,Regular Loose Chinos,38R,Sand,£10.00,/products/TT00174/1.jpg,A,05/04/2026
TT00175,A,Jumper,River Island,Ribbed Jumper,S,Grey,£9.00,/products/TT00175/1.jpg,A,05/04/2026